Groups,Name,Variance,Std.Dev
image_id,(Intercept),2.1800459168913866,1.4764978553629486
participant,(Intercept),0.3198392545570014,0.5655433268609943
